Provinsi,Perkotaan_Semester1,Perkotaan_Semester2,Perdesaan_Semester1,Perdesaan_Semester2,Total_Semester1,Total_Semester2,Tahun
ACEH,293697.0,302128.0,297479.0,306737.0,296406.0,305428.0,2015
SUMATERA UTARA,261677.0,273271.0,266143.0,284650.0,263932.0,279015.0,2015
SUMATERA BARAT,288410.0,301356.0,293768.0,313294.0,291641.0,308554.0,2015
RIAU,280361.0,288956.0,302422.0,318195.0,293851.0,306835.0,2015
JAMBI,297507.0,308379.0,247652.0,258946.0,262791.0,273957.0,2015
SUMATERA SELATAN,263734.0,272915.0,243702.0,254209.0,250850.0,260885.0,2015
BENGKULU,288387.0,313872.0,303059.0,329667.0,298505.0,324764.0,2015
LAMPUNG,260892.0,274255.0,251365.0,264450.0,253869.0,267028.0,2015
KEP. BANGKA BELITUNG,330178.0,362214.0,375657.0,406405.0,353260.0,384643.0,2015
KEP. RIAU,298998.0,318580.0,316511.0,343566.0,301870.0,322677.0,2015
DKI JAKARTA,319595.0,327678.0,0.0,0.0,319595.0,327678.0,2015
JAWA BARAT,213479.0,223843.0,231259.0,241132.0,219290.0,229494.0,2015
JAWA TENGAH,210932.0,218935.0,221840.0,232942.0,216823.0,226501.0,2015
DI YOGYAKARTA,238042.0,249320.0,236342.0,241725.0,237473.0,246776.0,2015
JAWA TIMUR,216139.0,222168.0,230565.0,240911.0,223641.0,231914.0,2015
BANTEN,235211.0,248503.0,241250.0,254860.0,237129.0,250522.0,2015
BALI,226679.0,231680.0,214350.0,222166.0,221931.0,228017.0,2015
NUSA TENGGARA BARAT,238797.0,244162.0,232281.0,238879.0,235036.0,241112.0,2015
NUSA TENGGARA TIMUR,260406.0,265296.0,232460.0,240102.0,238070.0,245160.0,2015
KALIMANTAN BARAT,250029.0,259948.0,257337.0,271176.0,255104.0,267745.0,2015
KALIMANTAN TENGAH,251976.0,256020.0,296856.0,306475.0,281506.0,289219.0,2015
KALIMANTAN SELATAN,229677.0,235422.0,255023.0,271860.0,244281.0,256417.0,2015
KALIMANTAN TIMUR,337970.0,348480.0,333612.0,348598.0,336356.0,348524.0,2015
KALIMANTAN UTARA,342729.0,355117.0,339904.0,351534.0,341484.0,353538.0,2015
SULAWESI UTARA,217995.0,224280.0,240942.0,249892.0,230475.0,238209.0,2015
SULAWESI TENGAH,249419.0,264458.0,261524.0,277186.0,258520.0,274027.0,2015
SULAWESI SELATAN,181842.0,186893.0,190563.0,201779.0,187304.0,196217.0,2015
SULAWESI TENGGARA,190438.0,200424.0,196016.0,204787.0,194409.0,203530.0,2015
GORONTALO,191995.0,201515.0,207980.0,216687.0,202433.0,211422.0,2015
SULAWESI BARAT,204476.0,212226.0,209873.0,221332.0,208787.0,219500.0,2015
MALUKU,293811.0,294604.0,315018.0,320259.0,306768.0,310278.0,2015
MALUKU UTARA,279379.0,292989.0,273858.0,289208.0,275361.0,290237.0,2015
PAPUA BARAT,328107.0,346945.0,358458.0,374902.0,346975.0,364325.0,2015
PAPUA BARAT DAYA,0.0,0.0,0.0,0.0,0.0,0.0,2015
PAPUA,289615.0,290712.0,307562.0,310937.0,302807.0,305579.0,2015
PAPUA SELATAN,0.0,0.0,0.0,0.0,0.0,0.0,2015
PAPUA TENGAH,0.0,0.0,0.0,0.0,0.0,0.0,2015
PAPUA PEGUNUNGAN,0.0,0.0,0.0,0.0,0.0,0.0,2015
INDONESIA,238278.0,247840.0,245357.0,256120.0,242241.0,251943.0,2015
ACEH,306243.0,319768.0,315697.0,324854.0,312801.0,323548.0,2016
SUMATERA UTARA,290096.0,302027.0,304942.0,313234.0,296832.0,308037.0,2016
SUMATERA BARAT,312154.0,322168.0,332415.0,341816.0,326993.0,334358.0,2016
RIAU,292026.0,301570.0,326262.0,333174.0,312352.0,321762.0,2016
JAMBI,319954.0,328157.0,270888.0,277173.0,284973.0,292122.0,2016
SUMATERA SELATAN,275736.0,283334.0,263912.0,270182.0,269320.0,275036.0,2016
BENGKULU,315710.0,335957.0,333753.0,335624.0,324851.0,335717.0,2016
LAMPUNG,279240.0,284222.0,272168.0,273647.0,274437.0,276216.0,2016
KEP. BANGKA BELITUNG,365938.0,387559.0,409399.0,427177.0,388454.0,407858.0,2016
KEP. RIAU,326014.0,334582.0,353153.0,366411.0,330442.0,339924.0,2016
DKI JAKARTA,329644.0,334938.0,0.0,0.0,329644.0,334938.0,2016
JAWA BARAT,228191.0,233953.0,246605.0,250274.0,234108.0,238945.0,2016
JAWA TENGAH,224987.0,231212.0,237901.0,241079.0,231673.0,236403.0,2016
DI YOGYAKARTA,254284.0,257677.0,246960.0,250244.0,252284.0,255304.0,2016
JAWA TIMUR,225900.0,233472.0,243840.0,246687.0,236455.0,240180.0,2016
BANTEN,256536.0,261285.0,262861.0,264755.0,261057.0,262442.0,2016
BALI,237835.0,242429.0,230108.0,233243.0,234393.0,238822.0,2016
NUSA TENGGARA BARAT,251734.0,252343.0,249490.0,249501.0,250371.0,250737.0,2016
NUSA TENGGARA TIMUR,275382.0,277266.0,252012.0,254257.0,256245.0,258985.0,2016
KALIMANTAN BARAT,265291.0,275590.0,277422.0,289535.0,275121.0,285537.0,2016
KALIMANTAN TENGAH,264149.0,271490.0,316546.0,320315.0,299485.0,303541.0,2016
KALIMANTAN SELATAN,248602.0,257170.0,286982.0,294159.0,270862.0,278536.0,2016
KALIMANTAN TIMUR,359194.0,370609.0,364879.0,375619.0,363918.0,372417.0,2016
KALIMANTAN UTARA,367378.0,379442.0,372825.0,386598.0,367944.0,382698.0,2016
SULAWESI UTARA,232497.0,234016.0,255577.0,255908.0,246007.0,246173.0,2016
SULAWESI TENGAH,275962.0,281450.0,291258.0,294686.0,289910.0,291528.0,2016
SULAWESI SELATAN,193372.0,196645.0,209095.0,210928.0,203918.0,205767.0,2016
SULAWESI TENGGARA,205281.0,209281.0,212249.0,215718.0,210619.0,213918.0,2016
GORONTALO,209232.0,211756.0,224958.0,226546.0,219469.0,221772.0,2016
SULAWESI BARAT,215503.0,220419.0,230339.0,233676.0,227208.0,230960.0,2016
MALUKU,301282.0,309375.0,327734.0,333547.0,318165.0,324381.0,2016
MALUKU UTARA,301209.0,311558.0,298037.0,301999.0,295078.0,304466.0,2016
PAPUA BARAT,355672.0,370573.0,382574.0,391900.0,372548.0,384627.0,2016
PAPUA BARAT DAYA,0.0,0.0,0.0,0.0,0.0,0.0,2016
PAPUA,305903.0,314057.0,328157.0,336344.0,321910.0,331243.0,2016
PAPUA SELATAN,0.0,0.0,0.0,0.0,0.0,0.0,2016
PAPUA TENGAH,0.0,0.0,0.0,0.0,0.0,0.0,2016
PAPUA PEGUNUNGAN,0.0,0.0,0.0,0.0,0.0,0.0,2016
INDONESIA,255181.0,259886.0,266132.0,270038.0,260469.0,264941.0,2016
ACEH,330153.07,347811.0,331267.09,346070.0,330958.33,346552.0,2017
SUMATERA UTARA,311996.83,321688.0,316190.72,322222.0,314243.1,321967.0,2017
SUMATERA BARAT,337132.91,339340.0,352878.21,354771.0,346896.34,348429.0,2017
RIAU,318174.0,327480.0,346208.19,350965.0,335922.13,342348.0,2017
JAMBI,336354.46,341605.0,287877.94,291651.0,301576.33,306360.0,2017
SUMATERA SELATAN,291341.39,297193.0,273134.6,278321.0,279284.44,284680.0,2017
BENGKULU,350441.0,361375.0,341275.01,352385.0,343868.51,355033.0,2017
LAMPUNG,302761.22,307473.0,285183.38,286434.0,289705.73,291600.0,2017
KEP. BANGKA BELITUNG,400464.28,421894.0,449106.13,464559.0,424845.04,441580.0,2017
KEP. RIAU,340729.64,357478.0,375168.68,387266.0,346267.42,362339.0,2017
DKI JAKARTA,347382.93,383192.0,0.0,0.0,347382.93,383192.0,2017
JAWA BARAT,244750.59,250654.0,257238.07,265183.0,248505.46,254799.0,2017
JAWA TENGAH,240655.92,244264.0,248154.86,252711.0,244606.4,248612.0,2017
DI YOGYAKARTA,270924.1,290650.0,260248.81,262952.0,267500.63,282639.0,2017
JAWA TIMUR,246077.97,272645.0,255319.0,260752.0,250804.58,266469.0,2017
BANTEN,271750.65,292643.0,274157.44,279609.0,272551.53,288655.0,2017
BALI,252294.93,252299.0,245927.94,251306.0,249883.56,251921.0,2017
NUSA TENGGARA BARAT,259057.16,267116.0,255797.72,260052.0,257263.29,263301.0,2017
NUSA TENGGARA TIMUR,290711.36,292048.0,268003.62,268253.0,272537.49,273325.0,2017
KALIMANTAN BARAT,286049.47,305430.0,302069.66,315188.0,297455.38,312222.0,2017
KALIMANTAN TENGAH,283201.3,286272.0,338235.32,342574.0,320636.54,325133.0,2017
KALIMANTAN SELATAN,268327.11,282483.0,302037.12,309046.0,287959.87,297743.0,2017
KALIMANTAN TIMUR,387723.43,391088.0,391851.73,410491.0,389151.78,398030.0,2017
KALIMANTAN UTARA,396530.66,423315.0,400086.16,410855.0,398122.7,418003.0,2017
SULAWESI UTARA,246203.81,246744.0,267177.84,270008.0,257489.3,259010.0,2017
SULAWESI TENGAH,295576.53,308042.0,297929.32,312051.0,297375.78,311145.0,2017
SULAWESI SELATAN,204192.47,209432.0,215790.81,226047.0,211452.03,219551.0,2017
SULAWESI TENGGARA,211529.93,218461.0,217357.46,227757.0,215619.58,224360.0,2017
GORONTALO,221124.05,233999.0,233542.57,242180.0,229465.58,239329.0,2017
SULAWESI BARAT,233411.63,255318.0,240903.62,247744.0,239358.77,249544.0,2017
MALUKU,319133.98,341556.0,342515.94,347373.0,333356.84,345090.0,2017
MALUKU UTARA,315481.09,318011.0,303436.23,307493.0,306642.38,310354.0,2017
PAPUA BARAT,375359.56,378551.0,397246.05,404857.0,389400.29,395479.0,2017
PAPUA BARAT DAYA,0.0,0.0,0.0,0.0,0.0,0.0,2017
PAPUA,328874.54,334043.0,349305.78,350279.0,344637.05,346106.0,2017
PAPUA SELATAN,0.0,0.0,0.0,0.0,0.0,0.0,2017
PAPUA TENGAH,0.0,0.0,0.0,0.0,0.0,0.0,2017
PAPUA PEGUNUNGAN,0.0,0.0,0.0,0.0,0.0,0.0,2017
INDONESIA,270856.32,283220.0,278277.85,284740.0,274544.38,283964.0,2017
ACEH,351777.0,360318.19,353915.0,362463.34,353291.0,361835.41,2018
SUMATERA UTARA,328225.0,345167.42,333843.0,342317.79,331105.0,343740.9,2018
SUMATERA BARAT,356907.0,367319.03,369087.0,370529.45,364235.0,369206.6,2018
RIAU,342425.0,350004.22,357685.0,358620.5,351845.0,355411.51,2018
JAMBI,358637.0,363152.88,312113.0,314945.87,326180.0,329934.18,2018
SUMATERA SELATAN,313669.0,314491.52,289522.0,291450.87,297528.0,298856.85,2018
BENGKULU,380731.0,388650.84,356600.0,356972.92,363700.0,366889.22,2018
LAMPUNG,321620.0,327530.49,293926.0,299041.14,301234.0,306926.27,2018
KEP. BANGKA BELITUNG,442588.0,469429.91,472431.0,495542.54,457834.0,482102.67,2018
KEP. RIAU,373829.0,376276.75,396882.0,405549.51,377389.0,379602.47,2018
DKI JAKARTA,394158.0,408790.86,0.0,0.0,394158.0,408790.86,2018
JAWA BARAT,263583.0,266339.96,274016.0,276660.33,266531.0,269064.68,2018
JAWA TENGAH,254959.0,259615.71,259564.0,265809.06,257293.0,262772.55,2018
DI YOGYAKARTA,301252.0,305494.64,270706.0,271414.73,292472.0,296077.01,2018
JAWA TIMUR,282265.0,296061.99,272436.0,279054.29,277349.0,287852.48,2018
BANTEN,316089.0,331095.52,293446.0,301349.07,308915.0,322255.78,2018
BALI,263613.0,268910.39,264685.0,267058.95,263995.0,268274.99,2018
NUSA TENGGARA BARAT,279003.0,284496.52,271987.0,272119.77,275124.0,277943.59,2018
NUSA TENGGARA TIMUR,299104.0,301642.59,273466.0,275681.29,278911.0,281069.78,2018
KALIMANTAN BARAT,323125.0,331134.98,320747.0,326706.96,321481.0,328114.55,2018
KALIMANTAN TENGAH,290898.0,305217.37,347960.0,356962.1,328127.0,338032.17,2018
KALIMANTAN SELATAN,288601.0,294677.37,313712.0,323191.57,302854.0,310496.11,2018
KALIMANTAN TIMUR,394601.0,411445.49,424731.0,435063.8,405108.0,419549.99,2018
KALIMANTAN UTARA,432127.0,471678.09,413858.0,430969.75,423796.0,454542.25,2018
SULAWESI UTARA,253610.0,263853.07,276149.0,286801.86,265096.0,275123.29,2018
SULAWESI TENGAH,309458.0,311845.12,314521.0,326791.62,313190.0,322860.93,2018
SULAWESI SELATAN,218173.0,230867.58,236336.0,240452.99,229289.0,236638.65,2018
SULAWESI TENGGARA,220497.0,232433.85,230677.0,240343.33,226889.0,237715.95,2018
GORONTALO,237890.0,246148.39,249937.0,255886.59,245508.0,252117.96,2018
SULAWESI BARAT,255642.0,259387.33,248042.0,249420.31,249788.0,251463.56,2018
MALUKU,342923.0,356495.44,351733.0,364361.16,348099.0,361160.66,2018
MALUKU UTARA,330654.0,331690.15,320771.0,329212.07,323639.0,329899.62,2018
PAPUA BARAT,383367.0,421470.88,407711.0,439399.22,398435.0,432692.54,2018
PAPUA BARAT DAYA,0.0,0.0,0.0,0.0,0.0,0.0,2018
PAPUA,361012.0,378574.78,378887.0,392449.52,374752.0,388843.78,2018
PAPUA SELATAN,0.0,0.0,0.0,0.0,0.0,0.0,2018
PAPUA TENGAH,0.0,0.0,0.0,0.0,0.0,0.0,2018
PAPUA PEGUNUNGAN,0.0,0.0,0.0,0.0,0.0,0.0,2018
INDONESIA,295272.0,303909.85,294302.0,299883.76,294806.0,302022.07,2018
ACEH,364040.0,377620.0,372626.0,387367.0,370093.0,384381.0,2019
SUMATERA UTARA,354346.0,366831.0,348030.0,367379.0,351215.0,367105.0,2019
SUMATERA BARAT,382490.0,402124.0,382217.0,401904.0,382333.0,402003.0,2019
RIAU,361135.0,383444.0,368149.0,381046.0,365515.0,381904.0,2019
JAMBI,379659.0,389321.0,327181.0,341445.0,343783.0,355585.0,2019
SUMATERA SELATAN,318325.0,331698.0,299598.0,311271.0,306087.0,318123.0,2019
BENGKULU,393835.0,422120.0,358509.0,369733.0,369211.0,384886.0,2019
LAMPUNG,335947.0,344994.0,304512.0,318866.0,313620.0,326364.0,2019
KEP. BANGKA BELITUNG,480596.0,504235.0,507100.0,541062.0,492693.0,521298.0,2019
KEP. RIAU,393859.0,397193.0,412190.0,429322.0,396007.0,400070.0,2019
DKI JAKARTA,429915.0,451918.0,0.0,0.0,429915.0,451918.0,2019
JAWA BARAT,280844.0,291607.0,284171.0,295872.0,281693.0,292718.0,2019
JAWA TENGAH,270631.0,284099.0,273501.0,282349.0,272080.0,283217.0,2019
DI YOGYAKARTA,323635.0,338723.0,279124.0,286565.0,310947.0,322999.0,2019
JAWA TIMUR,305759.0,310555.0,290587.0,294266.0,298341.0,302757.0,2019
BANTEN,344073.0,358473.0,304403.0,323479.0,331601.0,347368.0,2019
BALI,278769.0,292350.0,269879.0,271679.0,275834.0,285920.0,2019
NUSA TENGGARA BARAT,294223.0,301167.0,280269.0,285008.0,286871.0,292522.0,2019
NUSA TENGGARA TIMUR,317432.0,337056.0,285352.0,289037.0,292305.0,299476.0,2019
KALIMANTAN BARAT,348116.0,366155.0,337213.0,345098.0,340782.0,351667.0,2019
KALIMANTAN TENGAH,317184.0,337107.0,363433.0,376076.0,346454.0,361419.0,2019
KALIMANTAN SELATAN,312945.0,322321.0,335341.0,354054.0,325590.0,340430.0,2019
KALIMANTAN TIMUR,422701.0,437601.0,441376.0,465407.0,429165.0,446840.0,2019
KALIMANTAN UTARA,495678.0,514485.0,453445.0,453992.0,478280.0,488970.0,2019
SULAWESI UTARA,277347.0,283576.0,295007.0,297736.0,286215.0,290623.0,2019
SULAWESI TENGAH,326695.0,349776.0,340726.0,360828.0,336739.0,357664.0,2019
SULAWESI SELATAN,238425.0,251107.0,254134.0,260579.0,247704.0,256826.0,2019
SULAWESI TENGGARA,242594.0,255355.0,247687.0,262555.0,245761.0,259888.0,2019
GORONTALO,255870.0,261635.0,259698.0,279108.0,258158.0,272431.0,2019
SULAWESI BARAT,261198.0,266109.0,252528.0,262158.0,254518.0,262966.0,2019
MALUKU,380992.0,399149.0,388514.0,424033.0,385303.0,414480.0,2019
MALUKU UTARA,352536.0,358394.0,343631.0,344340.0,346075.0,348361.0,2019
PAPUA BARAT,433054.0,448816.0,447368.0,456010.0,441803.0,453232.0,2019
PAPUA BARAT DAYA,0.0,0.0,0.0,0.0,0.0,0.0,2019
PAPUA,394446.0,402419.0,408203.0,424006.0,404631.0,418367.0,2019
PAPUA SELATAN,0.0,0.0,0.0,0.0,0.0,0.0,2019
PAPUA TENGAH,0.0,0.0,0.0,0.0,0.0,0.0,2019
PAPUA PEGUNUNGAN,0.0,0.0,0.0,0.0,0.0,0.0,2019
INDONESIA,316687.0,329220.0,309287.0,320019.0,313232.0,324911.0,2019
ACEH,398026.0,399504.0,396615.0,397816.0,397032.0,398316.0,2020
SUMATERA UTARA,376919.0,378679.0,376656.0,378550.0,376790.0,378617.0,2020
SUMATERA BARAT,411369.0,413073.0,415694.0,416419.0,413832.0,414949.0,2020
RIAU,400297.0,401965.0,394776.0,396647.0,396883.0,398654.0,2020
JAMBI,409968.0,412391.0,349384.0,350313.0,368137.0,369835.0,2020
SUMATERA SELATAN,337697.0,338390.0,321453.0,323914.0,327021.0,328710.0,2020
BENGKULU,423966.0,426542.0,374440.0,377325.0,389613.0,392261.0,2020
LAMPUNG,364654.0,367275.0,333219.0,335769.0,342151.0,344944.0,2020
KEP. BANGKA BELITUNG,507398.0,511872.0,543077.0,546174.0,524371.0,528771.0,2020
KEP. RIAU,406556.0,408172.0,442464.0,444217.0,410225.0,410811.0,2020
DKI JAKARTA,466156.0,467847.0,0.0,0.0,466156.0,467847.0,2020
JAWA BARAT,299959.0,303465.0,307253.0,312563.0,301806.0,305687.0,2020
JAWA TENGAH,295446.0,297510.0,292760.0,295899.0,294095.0,296697.0,2020
DI YOGYAKARTA,350055.0,350253.0,296144.0,296654.0,334461.0,335262.0,2020
JAWA TIMUR,317234.0,317483.0,306255.0,309418.0,311891.0,313653.0,2020
BANTEN,374474.0,376950.0,342546.0,355550.0,364725.0,370293.0,2020
BALI,307459.0,309933.0,280900.0,284541.0,298945.0,302154.0,2020
NUSA TENGGARA BARAT,312088.0,314001.0,293862.0,296269.0,302545.0,304982.0,2020
NUSA TENGGARA TIMUR,357134.0,358164.0,305029.0,305413.0,316130.0,316659.0,2020
KALIMANTAN BARAT,379108.0,382408.0,351955.0,353089.0,361075.0,362874.0,2020
KALIMANTAN TENGAH,358205.0,362579.0,397192.0,402086.0,382954.0,387865.0,2020
KALIMANTAN SELATAN,337851.0,341730.0,370662.0,374563.0,355813.0,360394.0,2020
KALIMANTAN TIMUR,453545.0,462661.0,483135.0,486520.0,463823.0,470589.0,2020
KALIMANTAN UTARA,526226.0,532518.0,460249.0,471012.0,499050.0,508699.0,2020
SULAWESI UTARA,300906.0,306074.0,301162.0,307159.0,301032.0,306583.0,2020
SULAWESI TENGAH,354798.0,356510.0,366541.0,375369.0,363287.0,370310.0,2020
SULAWESI SELATAN,257455.0,265149.0,268024.0,275659.0,263690.0,271199.0,2020
SULAWESI TENGGARA,264082.0,274804.0,271154.0,276410.0,268511.0,275884.0,2020
GORONTALO,279230.0,281726.0,292558.0,298431.0,287272.0,291402.0,2020
SULAWESI BARAT,277068.0,278234.0,268940.0,270167.0,270655.0,271458.0,2020
MALUKU,407169.0,423608.0,428902.0,433906.0,419778.0,429678.0,2020
MALUKU UTARA,360482.0,364415.0,357381.0,361627.0,358264.0,362406.0,2020
PAPUA BARAT,453352.0,458403.0,470084.0,471297.0,463545.0,465715.0,2020
PAPUA BARAT DAYA,0.0,0.0,0.0,0.0,0.0,0.0,2020
PAPUA,408356.0,419488.0,428109.0,443201.0,423243.0,437370.0,2020
PAPUA SELATAN,0.0,0.0,0.0,0.0,0.0,0.0,2020
PAPUA TENGAH,0.0,0.0,0.0,0.0,0.0,0.0,2020
PAPUA PEGUNUNGAN,0.0,0.0,0.0,0.0,0.0,0.0,2020
INDONESIA,339519.0,342356.0,331492.0,335042.0,335793.0,339003.0,2020
ACEH,418047.0,426126.0,406917.0,414738.0,410420.0,418296.0,2021
SUMATERA UTARA,397996.0,409313.0,391979.0,399971.0,395104.0,404860.0,2021
SUMATERA BARAT,424106.0,431008.0,438205.0,444693.0,431644.0,438308.0,2021
RIAU,419858.0,432554.0,409818.0,423953.0,413593.0,427086.0,2021
JAMBI,437220.0,448893.0,362221.0,364150.0,385360.0,391656.0,2021
SUMATERA SELATAN,350163.0,354236.0,335549.0,337702.0,340567.0,343549.0,2021
BENGKULU,449159.0,462886.0,386776.0,405341.0,405468.0,423264.0,2021
LAMPUNG,375720.0,392074.0,347870.0,361365.0,356329.0,370907.0,2021
KEP. BANGKA BELITUNG,525236.0,538158.0,566074.0,576533.0,544017.0,555279.0,2021
KEP. RIAU,426912.0,429830.0,458274.0,467527.0,429298.0,432804.0,2021
DKI JAKARTA,479332.0,490918.0,0.0,0.0,479332.0,490918.0,2021
JAWA BARAT,313015.0,321499.0,319590.0,330150.0,314572.0,323525.0,2021
JAWA TENGAH,307367.0,316590.0,302894.0,318487.0,305149.0,317519.0,2021
DI YOGYAKARTA,366206.0,370047.0,304443.0,325101.0,350057.0,358285.0,2021
JAWA TIMUR,328596.0,344429.0,316010.0,327215.0,322671.0,336315.0,2021
BANTEN,390893.0,405526.0,364081.0,369466.0,382584.0,395258.0,2021
BALI,321245.0,325747.0,291311.0,302550.0,312020.0,319095.0,2021
NUSA TENGGARA BARAT,325304.0,336346.0,311567.0,320916.0,318425.0,328699.0,2021
NUSA TENGGARA TIMUR,367201.0,385169.0,312141.0,333436.0,324545.0,344666.0,2021
KALIMANTAN BARAT,388798.0,407296.0,360819.0,377369.0,370423.0,387342.0,2021
KALIMANTAN TENGAH,371472.0,374314.0,412878.0,429419.0,396514.0,407871.0,2021
KALIMANTAN SELATAN,356053.0,362027.0,384188.0,389770.0,371204.0,376894.0,2021
KALIMANTAN TIMUR,479168.0,488748.0,498601.0,509282.0,485445.0,495785.0,2021
KALIMANTAN UTARA,546681.0,556182.0,484174.0,496468.0,522517.0,531302.0,2021
SULAWESI UTARA,319561.0,326632.0,316222.0,320933.0,317970.0,323997.0,2021
SULAWESI TENGAH,367691.0,373960.0,386603.0,391001.0,380991.0,385989.0,2021
SULAWESI SELATAN,276910.0,286095.0,281013.0,288566.0,279240.0,287467.0,2021
SULAWESI TENGGARA,281207.0,293509.0,284561.0,297786.0,283400.0,296298.0,2021
GORONTALO,292463.0,298372.0,310257.0,315316.0,303108.0,308586.0,2021
SULAWESI BARAT,286970.0,299813.0,278145.0,297024.0,279747.0,297545.0,2021
MALUKU,431414.0,441674.0,440977.0,457656.0,436876.0,450442.0,2021
MALUKU UTARA,383780.0,398678.0,376259.0,390416.0,378475.0,392506.0,2021
PAPUA BARAT,474175.0,493825.0,476185.0,491591.0,475394.0,492485.0,2021
PAPUA BARAT DAYA,0.0,0.0,0.0,0.0,0.0,0.0,2021
PAPUA,428098.0,434937.0,451443.0,455814.0,445607.0,450729.0,2021
PAPUA SELATAN,0.0,0.0,0.0,0.0,0.0,0.0,2021
PAPUA TENGAH,0.0,0.0,0.0,0.0,0.0,0.0,2021
PAPUA PEGUNUNGAN,0.0,0.0,0.0,0.0,0.0,0.0,2021
INDONESIA,353767.0,363836.0,344277.0,355299.0,349474.0,360007.0,2021
ACEH,448528.0,481276.0,434104.0,462138.0,438658.0,468255.0,2022
SUMATERA UTARA,431588.0,458089.0,415301.0,438098.0,423760.0,448623.0,2022
SUMATERA BARAT,453326.0,490322.0,470942.0,500796.0,462910.0,495824.0,2022
RIAU,450681.0,486130.0,435905.0,468911.0,441535.0,475492.0,2022
JAMBI,478149.0,517739.0,380967.0,410425.0,411537.0,443292.0,2022
SUMATERA SELATAN,374346.0,400354.0,353000.0,368981.0,360600.0,379882.0,2022
BENGKULU,480128.0,508068.0,416744.0,437286.0,435393.0,457885.0,2022
LAMPUNG,412358.0,439148.0,372425.0,392553.0,384769.0,406732.0,2022
KEP. BANGKA BELITUNG,561881.0,605177.0,600254.0,641806.0,579537.0,622068.0,2022
KEP. RIAU,453563.0,486016.0,496488.0,525085.0,458362.0,491238.0,2022
DKI JAKARTA,508239.0,534819.0,0.0,0.0,508239.0,534819.0,2022
JAWA BARAT,331420.0,353253.0,343615.0,361697.0,334224.0,355172.0,2022
JAWA TENGAH,328539.0,350614.0,330526.0,348420.0,329511.0,349523.0,2022
DI YOGYAKARTA,392290.0,412821.0,338551.0,352689.0,378902.0,398363.0,2022
JAWA TIMUR,354405.0,374630.0,341452.0,361913.0,348399.0,368771.0,2022
BANTEN,421343.0,444996.0,387733.0,400849.0,412182.0,433368.0,2022
BALI,346903.0,367036.0,318169.0,334827.0,338417.0,357640.0,2022
NUSA TENGGARA BARAT,349371.0,373497.0,336060.0,361266.0,342789.0,367535.0,2022
NUSA TENGGARA TIMUR,402228.0,423538.0,344813.0,366047.0,358224.0,380566.0,2022
KALIMANTAN BARAT,418006.0,445660.0,387226.0,407998.0,397561.0,421139.0,2022
KALIMANTAN TENGAH,392777.0,416222.0,451136.0,478269.0,426914.0,453342.0,2022
KALIMANTAN SELATAN,379337.0,399109.0,411135.0,431084.0,396308.0,415976.0,2022
KALIMANTAN TIMUR,507661.0,541868.0,526674.0,556626.0,513874.0,546669.0,2022
KALIMANTAN UTARA,591239.0,616790.0,525335.0,548026.0,566292.0,590192.0,2022
SULAWESI UTARA,336174.0,357703.0,327019.0,348939.0,331904.0,353727.0,2022
SULAWESI TENGAH,388768.0,412305.0,410179.0,427956.0,404034.0,423390.0,2022
SULAWESI SELATAN,298268.0,316179.0,300359.0,316911.0,299433.0,316597.0,2022
SULAWESI TENGGARA,301800.0,324704.0,305321.0,327126.0,304126.0,326264.0,2022
GORONTALO,307264.0,321061.0,324541.0,342791.0,317319.0,333794.0,2022
SULAWESI BARAT,317189.0,334024.0,313544.0,327816.0,314221.0,329203.0,2022
MALUKU,460569.0,495440.0,473778.0,497638.0,468335.0,496691.0,2022
MALUKU UTARA,405708.0,429919.0,396637.0,420428.0,399127.0,423139.0,2022
PAPUA BARAT,509314.0,535410.0,500372.0,525865.0,503916.0,529916.0,2022
PAPUA BARAT DAYA,0.0,0.0,0.0,0.0,0.0,0.0,2022
PAPUA,456263.0,493024.0,476758.0,507226.0,471880.0,503948.0,2022
PAPUA SELATAN,0.0,0.0,0.0,0.0,0.0,0.0,2022
PAPUA TENGAH,0.0,0.0,0.0,0.0,0.0,0.0,2022
PAPUA PEGUNUNGAN,0.0,0.0,0.0,0.0,0.0,0.0,2022
INDONESIA,377958.0,401969.0,370096.0,391093.0,374454.0,397125.0,2022
ACEH,489121.0,0.0,469272.0,0.0,475838.0,0.0,2023
SUMATERA UTARA,468660.0,0.0,447262.0,0.0,458706.0,0.0,2023
SUMATERA BARAT,501157.0,0.0,512376.0,0.0,507000.0,0.0,2023
RIAU,495115.0,0.0,475721.0,0.0,483092.0,0.0,2023
JAMBI,527501.0,0.0,417580.0,0.0,452478.0,0.0,2023
SUMATERA SELATAN,405674.0,0.0,373072.0,0.0,384507.0,0.0,2023
BENGKULU,517906.0,0.0,443990.0,0.0,466693.0,0.0,2023
LAMPUNG,451741.0,0.0,401287.0,0.0,417252.0,0.0,2023
KEP. BANGKA BELITUNG,620744.0,0.0,656395.0,0.0,636311.0,0.0,2023
KEP. RIAU,497813.0,0.0,533241.0,0.0,501598.0,0.0,2023
DKI JAKARTA,548628.0,0.0,0.0,0.0,548628.0,0.0,2023
JAWA BARAT,365780.0,0.0,371463.0,0.0,367040.0,0.0,2023
JAWA TENGAH,365201.0,0.0,355699.0,0.0,360571.0,0.0,2023
DI YOGYAKARTA,431962.0,0.0,366712.0,0.0,414480.0,0.0,2023
JAWA TIMUR,394182.0,0.0,372797.0,0.0,384426.0,0.0,2023
BANTEN,458419.0,0.0,414831.0,0.0,448240.0,0.0,2023
BALI,375253.0,0.0,340646.0,0.0,365437.0,0.0,2023
NUSA TENGGARA BARAT,381359.0,0.0,366994.0,0.0,374441.0,0.0,2023
NUSA TENGGARA TIMUR,437018.0,0.0,374760.0,0.0,389518.0,0.0,2023
KALIMANTAN BARAT,448664.0,0.0,413140.0,0.0,425767.0,0.0,2023
KALIMANTAN TENGAH,426611.0,0.0,485390.0,0.0,461296.0,0.0,2023
KALIMANTAN SELATAN,422758.0,0.0,445076.0,0.0,434362.0,0.0,2023
KALIMANTAN TIMUR,557982.0,0.0,565218.0,0.0,560368.0,0.0,2023
KALIMANTAN UTARA,626759.0,0.0,556835.0,0.0,599246.0,0.0,2023
SULAWESI UTARA,365228.0,0.0,355952.0,0.0,360891.0,0.0,2023
SULAWESI TENGAH,423694.0,0.0,431550.0,0.0,429099.0,0.0,2023
SULAWESI SELATAN,329012.0,0.0,322682.0,0.0,325418.0,0.0,2023
SULAWESI TENGGARA,334125.0,0.0,333604.0,0.0,333797.0,0.0,2023
GORONTALO,327347.0,0.0,348718.0,0.0,339799.0,0.0,2023
SULAWESI BARAT,341470.0,0.0,332697.0,0.0,334380.0,0.0,2023
MALUKU,501268.0,0.0,502863.0,0.0,502215.0,0.0,2023
MALUKU UTARA,443638.0,0.0,429876.0,0.0,433630.0,0.0,2023
PAPUA BARAT,552868.0,0.0,540384.0,0.0,545539.0,0.0,2023
PAPUA BARAT DAYA,0.0,0.0,0.0,0.0,0.0,0.0,2023
PAPUA,505321.0,0.0,520279.0,0.0,516528.0,0.0,2023
PAPUA SELATAN,0.0,0.0,0.0,0.0,0.0,0.0,2023
PAPUA TENGAH,0.0,0.0,0.0,0.0,0.0,0.0,2023
PAPUA PEGUNUNGAN,0.0,0.0,0.0,0.0,0.0,0.0,2023
INDONESIA,415588.0,0.0,399460.0,0.0,408522.0,0.0,2023
ACEH,519288.0,528266.0,492730.0,494778.0,501403.0,506089.0,2024
SUMATERA UTARA,502288.0,508995.0,476787.0,479327.0,490540.0,495730.0,2024
SUMATERA BARAT,532696.0,540096.0,542700.0,545435.0,537985.0,542853.0,2024
RIAU,529025.0,533936.0,501450.0,505622.0,511959.0,516772.0,2024
JAMBI,561284.0,569981.0,459892.0,464125.0,491690.0,497637.0,2024
SUMATERA SELATAN,433537.0,447563.0,402078.0,409879.0,413237.0,423507.0,2024
BENGKULU,546830.0,551184.0,468390.0,469716.0,492988.0,493660.0,2024
LAMPUNG,474260.0,486443.0,421189.0,430504.0,438079.0,448211.0,2024
KEP. BANGKA BELITUNG,643357.0,650379.0,690751.0,698232.0,663408.0,670142.0,2024
KEP. RIAU,532365.0,551982.0,566093.0,573728.0,535976.0,554329.0,2024
DKI JAKARTA,571647.0,590704.0,0.0,0.0,571647.0,590704.0,2024
JAWA BARAT,390563.0,400707.0,394120.0,397882.0,391347.0,400115.0,2024
JAWA TENGAH,390855.0,401435.0,375173.0,383485.0,383285.0,392697.0,2024
DI YOGYAKARTA,455545.0,466983.0,385903.0,393777.0,437891.0,447321.0,2024
JAWA TIMUR,418117.0,429487.0,395752.0,401319.0,408011.0,416738.0,2024
BANTEN,484924.0,497232.0,433803.0,443116.0,474039.0,486415.0,2024
BALI,402771.0,412279.0,362933.0,364979.0,391618.0,399291.0,2024
NUSA TENGGARA BARAT,412395.0,418758.0,396014.0,398686.0,404637.0,409165.0,2024
NUSA TENGGARA TIMUR,457430.0,463318.0,386382.0,388705.0,403922.0,407240.0,2024
KALIMANTAN BARAT,478633.0,489985.0,434904.0,442846.0,450558.0,460485.0,2024
KALIMANTAN TENGAH,449020.0,463836.0,507437.0,519791.0,482856.0,495595.0,2024
KALIMANTAN SELATAN,444222.0,457434.0,469392.0,471998.0,457237.0,464917.0,2024
KALIMANTAN TIMUR,586627.0,603217.0,599051.0,606186.0,590571.0,604133.0,2024
KALIMANTAN UTARA,652541.0,668066.0,583745.0,600153.0,627311.0,644805.0,2024
SULAWESI UTARA,385528.0,405049.0,378261.0,388386.0,382149.0,397806.0,2024
SULAWESI TENGAH,449217.0,454860.0,455158.0,457160.0,453429.0,456444.0,2024
SULAWESI SELATAN,350672.0,356264.0,336710.0,345590.0,342934.0,350315.0,2024
SULAWESI TENGGARA,350388.0,354813.0,343993.0,352533.0,346345.0,353412.0,2024
GORONTALO,353297.0,372700.0,374832.0,385233.0,365613.0,379715.0,2024
SULAWESI BARAT,360512.0,367828.0,350870.0,354319.0,352739.0,356950.0,2024
MALUKU,521836.0,548623.0,525301.0,533738.0,523830.0,540629.0,2024
MALUKU UTARA,475521.0,497282.0,459804.0,484025.0,464529.0,487852.0,2024
PAPUA BARAT,662195.0,679970.0,557986.0,573162.0,591923.0,609768.0,2024
PAPUA BARAT DAYA,545700.0,578031.0,581816.0,582827.0,563575.0,580705.0,2024
PAPUA,507129.0,533022.0,404318.0,413604.0,462491.0,484209.0,2024
PAPUA SELATAN,467204.0,502110.0,340771.0,351258.0,390999.0,418637.0,2024
PAPUA TENGAH,607350.0,638860.0,579784.0,606795.0,586166.0,615022.0,2024
PAPUA PEGUNUNGAN,990068.0,1065131.0,746176.0,803603.0,757648.0,820343.0,2024
INDONESIA,441394.0,453120.0,424160.0,430508.0,433906.0,443433.0,2024
